Item in cart,Recommendation,Item Support,Support,Confidence,Lift,Leverage,Conviction
PRODUCT_1,PRODUCT_2,0.249443207,0.13363029,0.535714286,3.34077381,0.093630488,1.808463252
PRODUCT_1,PRODUCT_3,0.249443207,0.075723831,0.303571429,2.163548753,0.040724004,1.234424076
PRODUCT_1,PRODUCT_4,0.249443207,0.071269488,0.285714286,2.729483283,0.045158506,1.253452116
PRODUCT_1,PRODUCT_5,0.249443207,0.064587973,0.258928571,2.004464286,0.032365911,1.175087879
PRODUCT_1,PRODUCT_6,0.249443207,0.057906459,0.232142857,1.966644205,0.02846216,1.148598954
PRODUCT_1,PRODUCT_7,0.249443207,0.048997773,0.196428571,1.799927114,0.021775686,1.108636476
